firstName,lastName,ZipCode
Ellette,Laverne,8891
Sherrie,Hedve,4403
Ariela,Brunell,1129
Ayn,Vorster,7429
Vevay,Melan,1898
Hayley,Ellerey,5504
Gabi,Elsinore,4535
Vere,Pip,2114
Kayla,Adalbert,6197
Madeleine,McNully,5881
Emelina,Winnick,8473
Vere,Ventre,3225
Desirae,Ax,2309
Valli,Anastatius,2446
Almeta,Percy,6279
Tarra,Ariella,5515
Tera,Stoller,4409
Gaylene,O'Carroll,2083
Marsiella,Timon,3134
Berta,Michella,5557
Flory,Marcellus,6764
Gwyneth,Sharl,4203
Perry,Marijo,1765
Nataline,Mehalek,2270
Glenda,Tengdin,7251
Modestia,Alejoa,8477
Mallory,Schalles,5227
Binny,Torray,5791
Coral,Tjon,3002
Helsa,Arne,5796
Natka,Georas,8473
Queenie,Deegan,2805
Tobe,Sigfrid,3769
Sheree,Chabot,2961
Giustina,Cleo,7494
Laurene,Phyllis,1153
Emmey,Vastah,4812
Aubrie,Robertson,1253
Sheelagh,Waite,4896
Frances,Lacombe,2693
Joceline,Gale,5013
Chandra,Cimbura,8124
Britni,Katrine,8652
Jerry,Bollay,7667
Tracey,Simmonds,4139
Sophia,Luhe,6426
Karlee,Lytton,6415
Gretal,Lamoree,5791
Gale,Erminia,6306
Stephanie,Lea,4509
Layla,Merriott,3996
Ayn,Gaal,5010
Shirlee,Ax,1525
Shaine,Voletta,6299
Beth,Bach,4503
Janeczka,Horan,4536
Elmira,Wu,8677
Suzette,Sidonius,5755
Nananne,Corilla,6770
Arabel,Bearnard,4611
Justinn,Erminia,4984
Sara-Ann,Neva,1606
Arlina,Hartnett,7904
Elyssa,Fry,1105
Mellicent,Sigfrid,5924
Konstance,Bonucci,8812
Kerrin,Faria,7498
Nerta,Thomasina,5113
Jaclyn,Juan,1911
Gwenneth,Ajay,7689
Collen,Clie,4308
Hope,Velick,4664
Tressa,Leler,6934
Ericka,Maples,5126
Winny,Prouty,5617
Belinda,Gaulin,7614
Daphne,Junie,5545
Catrina,Kunin,5027
Blake,Pascia,3837
Marleah,Shanley,6135
Antonietta,Juliet,6885
Ileana,Jess,8004
Clarice,Stevy,8242
Jaime,Standing,5959
Gilda,Carbo,4914
Joane,Geffner,2210
Ellette,Kirstin,5393
Krystle,Hebner,6703
Joceline,Maples,7521
Pollyanna,Curren,8245
Viki,Wallis,1542
Fred,Baptlsta,3196
Ann-Marie,Naashom,2155
Ezmeralda,Cyrie,8799
Codie,Martsen,8684
Libbie,Willie,5484
Janeczka,Roche,5707
Britni,Iaverne,4101
Mellicent,Gordon,1032
Sandie,Schlosser,2866
Ottilie,Valoniah,5519
Orsola,Cutlerr,7341
Britni,Hamil,1186
Kayla,Arvo,1406
Laurene,Gladstone,6125
Leia,Alcott,4060
Theodora,Liebermann,8811
Lilith,Shanley,1853
Kirstin,Teddman,4399
Benita,Hailee,7412
Kassey,Honoria,3742
Catrina,Kravits,7378
Ana,Marden,6885
Donetta,Hortensia,8659
Wilma,Himelman,3690
Berta,Braun,7288
Merle,Moina,5719
Amara,Poppy,5218
Aubrie,Wadell,2571
Dode,Suzetta,3264
Wilma,Annice,5465
Lorie,Friede,2993
Fidelia,Mullane,4976
Janey,Lauraine,5084
Adore,Fax,5894
Noelle,Newell,3635
Nessie,Levey,6515
Pearline,Sophronia,5923
Lynde,Chem,1976
Brynna,Hailee,8030
Damaris,Carvey,7184
Rochette,Sisile,6083
Ida,Arne,3104
Sallie,Han,6576
Maisey,Merell,4696
Correy,Melleta,8898
Lucy,Zachary,5622
Max,Honoria,5979
Tierney,Gale,8738
Fina,Gibbeon,8239
Vita,Solitta,2599
Sophia,Halla,6192
Giustina,Viddah,1911
Dari,Ciro,1993
Therine,Ralfston,2639
Ottilie,Vastah,3114
Blinni,Esmaria,2671
Oona,Wolfgram,2480
Marinna,Florina,1051
Ada,Pettiford,1608
Phedra,Braun,2914
Vita,Brieta,1638
Cyndie,Chinua,6855
Sashenka,Erskine,5845
Alleen,Flita,8458
Eugine,Gabrielli,3679
Marline,Hathaway,5144
Ericka,Mendez,8861
Allis,Skell,1362
Alleen,Demitria,1137
Beverley,Westphal,7447
Pierette,Karylin,1261
Kary,Kenwood,6328
Dode,Montgomery,2653
Dari,Wilkinson,8487
Olivette,Halla,4639
Pearline,Elvyn,7875
Marjie,Isidore,3418
Paule,Afton,7259
Ericka,Hylan,1328
Verla,Hepsibah,5081
Starla,Madaih,5695
Tatiania,Stanwood,6970
Devina,Vharat,8488
Mildrid,Leonard,6521
Heddie,Alarise,7798
Lily,Agle,2916
Kaia,Terrence,8976
Caryl,Connelly,6367
Coral,Westphal,7285
Darci,Therine,6641
Dulcinea,Neva,4743
Lindie,Kendrick,1987
Latisha,Libna,6579
Orelia,Barney,5362
Mignon,Ummersen,3865
Barbi,Soneson,7393
Darci,Meter,1326
Bobbi,Pattin,3632
Leia,Federica,2402
Georgina,Bach,8041
Andeee,Llovera,3219
Joane,Mich,8317
Annaliese,Kronfeld,3557
Ruthe,Rubie,4285
Kary,Kalinda,3312
Desirae,Bonucci,7447
Elfreda,Stover,5724
Marsiella,Sadowski,4207
Cecile,Nore,2916
Roseline,Marisa,5469
Amara,Anestassia,5039
Kerrin,Kristi,2647
Lilith,Seagraves,3728
Nariko,Maurine,3777
Annecorinne,Talia,3180
Lexine,Tufts,8126
Mary,Alice,2350
Janenna,Terencio,6698
Joleen,Sikorski,2403
Alia,Penelopa,4805
Ebonee,Sadowski,1785
Sybille,Rogerio,3331
Glenda,Chinua,8545
Kalina,Himelman,6832
Cecile,Read,4306
Magdalena,Kazimir,2852
Zaria,Vernier,1464
Merle,Destinee,6158
Bernie,Joeann,8221
Kelly,Dunkin,8748
Lizzie,Fink,3770
Jolyn,Dulciana,5791
Sybille,Madox,3035
Rori,Libna,7979
Concettina,Fleeta,1808
Jessy,Brodench,3865
Zsa Zsa,Isacco,4105
Demetris,Grobe,7859
Alyssa,Pelagias,2266
Betta,Blisse,5999
Fernande,Georgy,7603
Shell,Loeb,1389
Tressa,Gualtiero,2633
Raf,Shields,2755
Annabela,Kauppi,7872
Sharlene,Anastatius,6107
June,Toffic,8065
Quintina,Flita,3246
Sara-Ann,Willie,2838
Ellette,Dash,5662
Gaylene,Ludewig,6076
Rozele,Abbot,2587
Clarice,Grimbly,3664
Maisey,Stoller,2749
Berta,Fairweather,6037
Etta,Chobot,8701
Talya,Berne,2443
Ana,Masao,3653
Fanchon,Tyson,3865
Frances,Lamoree,7228
Flo,Marijo,5748
Mignon,Auberbach,1011
Claresta,Orpah,3975
Alex,Zrike,6818
Lynnea,Gemini,8711
Elbertina,Arne,3857
Jaclyn,Cohdwell,2115
Zondra,Bergman,1828
Annora,Jaylene,3079
Maud,Hartnett,1621
Valli,Shaddock,6347
Judy,Scammon,1650
Tobe,Olympium,7646
Kenna,Old,4378
Britte,Felizio,5079
Korrie,Mitzi,7644
Leona,Stefa,3511
Danny,Riordan,5777
Taffy,Demitria,6279
Ardys,Isacco,8755
Clarice,Reinke,8410
Jessy,Blase,6800
Elise,Ries,4595
Pearline,Skell,8895
Kaja,Kaete,8856
Alameda,Erlandson,3337
Nadine,Presber,1653
Etta,Pernick,4797
Brena,McCutcheon,4831
Carlie,Emmaline,2028
Hayley,Friede,3344
Frances,Vins,4087
Daune,Sibyls,5407
Dione,Weitman,4191
Noelle,Norrie,3909
Ginnie,Docilla,5176
Kayla,Natica,8252
Mamie,Grimbly,6284
Lonnie,Buffum,6642
Nessie,An,5530
Elmira,Arquit,8330
Marsiella,Weinreb,2203
Binny,Wittie,8418
Jenda,Hermes,4871
Vivia,Chaing,7853
Tamqrah,Rozanna,4105
Rori,Belanger,4308
Flory,Pandolfi,7715
Tina,Henrie,5075
Bernardine,Luhe,3743
Amalie,Astra,5227
Blondelle,Peg,2562
Eadie,Saint,5224
Willetta,Meter,5615
Roberta,Schroth,6135
Cindelyn,Ciapas,8860
Vivia,Baptlsta,7970
Frieda,Chrystel,1815
Valera,Cullin,6067
Gale,Korey,1226
Sarette,Vale,1447
Fina,Tamar,1138
Keelia,Alrich,8708
Britni,Edee,4268
Maud,Cordi,2834
Evita,Niles,1621
Candy,Imelida,7472
Danika,McAdams,2488
Kassey,Kellby,2585
Rayna,Burch,4303
Ethel,Janene,4181
Gisela,Croix,5786
Eugine,Arvo,7529
Dari,Dimitris,2117
Marline,Wareing,4461
Jackie,Salchunas,3718
Helsa,Ogren,6562
Bill,Hollingsworth,2453
Dorene,Lilybelle,4814
Nyssa,Stevy,3373
Aeriela,Hebner,3926
Marline,Gualtiero,2606
Inga,Ammann,3502
Kaja,Cleavland,7304
Pamella,Kinnard,7093
Cherilyn,Callista,8869
Lenna,Hanshaw,3578
Celene,Hollingsworth,8993
Madeleine,Hillel,8346
Rani,Cottle,2432
Asia,Chesna,3631
Tani,Niccolo,8462
Krystle,Urania,8393
Sherrie,Himelman,2838
Tressa,Olnee,7315
Desirae,Wu,3809
Basia,Levey,8926
Ruthe,Callista,2384
Teddie,Bollay,7585
Anthia,Septima,3806
Goldie,Dawkins,7405
Kassey,Clywd,5499
Blake,Koehler,4115
Lulita,Cookie,7031
Kittie,Tryck,8113
Leontine,Amadas,6943
Kaja,Rona,1476
Danika,Tufts,4379
Sharai,Rillings,7000
Margalo,Erskine,5867
Gilligan,Ahab,1918
Jsandye,Minetta,7919
Kassey,Arathorn,4379
Rochette,Melan,3374
Pierette,Clarissa,5220
Berta,Hourigan,5171
Gratia,Nunci,1600
Rubie,Izaak,5046
Shirlee,Francene,4007
Dale,Syd,2005
Glynnis,Izaak,2160
Juliane,Noelyn,8632
Corly,Iiette,6727
Marika,Yuille,4750
Winny,Skell,3900
Bettine,Leonard,5181
Tori,Bertold,5390
Cindelyn,Herrera,5143
Lynde,Tayib,2469
Paulita,Secrest,4234
Ayn,Henebry,8942
Shell,Roche,7599
Hildegaard,Baudin,1802
Di,Ade,6121
Blinni,Maribeth,4833
Layla,Selway,8812
Myriam,Raychel,6133
Willetta,Creamer,7912
Kirstin,Raimondo,3629
Hyacinthe,Faust,5699
Agathe,Romelda,5152
Elsie,Jerold,4480
Elmira,Ricki,5624
Ileana,Tannie,5777
Maisey,Salvidor,4791
Celene,Cristi,1992
Aryn,Raimondo,4804
Margette,Tyson,8987
Therine,Breed,7713
Thalia,Friede,8068
Donetta,Bultman,3099
Almeta,Thad,5581
Charlena,Konyn,1663
Orelia,Wesle,5823
Selma,Jacinda,8840
Verla,Publia,7053
Hope,Jammal,4191
Riannon,Prober,7861
Nikki,Stoller,4639
Marita,Concha,6892
Dotty,Vary,3703
Michaelina,Berl,8241
Daryl,Donoghue,6855
Lanna,Merna,1856
Cordi,Brandice,6091
Goldie,Huggins,2565
Corly,Niles,1419
Doro,Garek,7983
Dorothy,Justinn,8606
Amelia,Lea,7584
Celestyna,Adlare,3038
Donetta,Brian,6790
Tracey,Chapland,7478
Harmonia,Concha,8720
Barbi,Flyn,3178
Darci,Rurik,3427
Glenda,Isacco,6511
Corene,Barney,6829
Shaylyn,Saint,7698
Fawne,Nahum,3186
Leona,Lay,4919
Yvonne,Harned,2576
Mariele,Bertold,3529
Anica,Chrystel,4495
Shandie,Hanshaw,5530
Lauryn,Tomasina,6952
Blake,Idelia,4785
Ofilia,Wittie,5264
Jacenta,Hartnett,6600
Ileana,Carey,2349
Paule,Brackely,4158
Lenna,Podvin,8431
Ardenia,Haymes,4332
Binny,Kravits,2092
Dorthy,Thilda,5999
Danny,Fink,2573
Millie,Ledah,3412
Dyann,Hachmin,6757
Blake,Clie,6635
June,Slifka,6609
Ermengarde,Edmund,4371
Vevay,Hollingsworth,8806
Annora,Burkle,8343
Gerrie,Aloise,1316
Ingrid,Warthman,2479
Vivia,Bibi,3921
Augustine,Ade,3010
Frank,Standing,7215
Lenna,Blase,2808
Sindee,Kare,7156
Nariko,Hillel,1465
Wilma,Kiyoshi,5931
Magdalena,Gillan,5576
Micheline,Mich,8858
Paule,Hull,6200
Dorene,Trace,8902
Josephine,Mehalek,5863
Mireielle,Joeann,4328
Eolanda,Rudolph,2644
Raquela,Aaberg,6778
Drucie,McLaughlin,1073
Oona,Orelee,2401
Theodora,Blake,4249
Lulita,Paine,7768
Evaleen,Dunkin,2125
Georgetta,Levey,7291
Lesly,Raffo,4327
Rubie,Xerxes,1972
Alie,Cherianne,8468
Elise,Elo,2357
Zondra,Edee,3382
Gusty,Phaidra,3447
Concettina,Cleavland,3400
Verla,Codding,3188
Andree,Turne,3749
Meg,Jacobah,8492
Bibby,Hachmin,1359
Atlanta,Si,4131
Olivette,Tice,7756
Lanae,Jenness,8613
Eugine,Hazlett,3755
Sherrie,Niccolo,7851
Charlena,Syd,3373
Mildrid,Drisko,7906
Rhea,Zitvaa,4890
Amelia,Fairweather,5891
Jorry,Ardeha,5457
Brietta,Ahab,7667
Layla,Chem,7077
Leanna,Saree,8746
Blake,Ulphia,6693
Dianemarie,Taima,7747
Bobbi,Ricki,3041
Mamie,Lia,6867
Ayn,Kussell,8073
Alleen,Guthrie,8050
Sam,Lattie,7321
Dania,Erskine,3843
Almeta,Mott,6542
Dode,Madelene,8040
Lilith,Slifka,3002
Orsola,Ariella,7739
Dione,Morgun,5712
Starla,Weide,4268
Joceline,Lail,3899
Caressa,Sothena,8774
Ingrid,Bord,4001
Roslyn,Greyson,1287
Lyssa,Helve,2340
Georgetta,Jess,2987
Caryl,Payson,1380
Monika,Chabot,8379
Violet,Joli,6456
Charmaine,Honoria,8065
Minne,Weide,4685
Mahalia,Norrie,5723
Ethel,Emmaline,3986
Cyb,Hieronymus,4425
Malina,Arathorn,1451
Miquela,Rheingold,3236
Betta,Faria,3947
Amalie,Longfellow,1751
Robinia,Yerkovich,1264
Shauna,Dosia,3124
Peri,Tannie,8312
Katuscha,Rossner,8857
Maurene,Ardra,3590
Nataline,Urania,2125
Glenda,Nicoline,8878
Marguerite,Lesley,6737
Goldie,Sholley,5864
Aryn,Podvin,1601
Dode,Koehler,2500
Valli,Lubin,6496
Adriana,Nester,4976
Nananne,Israeli,5862
Joceline,Scammon,2539
Misha,Giff,6805
Beth,Hailee,7498
Jerry,Jary,2562
Leontine,Seagraves,4045
Brianna,Faust,2405
Lila,Lissi,1109
Tybie,Koehler,6997
Cherilyn,Yuille,8119
Demetris,Lauraine,5045
Edyth,Zetta,3228
Lilith,Roumell,4475
Rubie,Couture,7854
Addia,Lucienne,6486
Latisha,Ricki,6084
Angelique,Arvo,3632
Ardenia,Camden,5667
Renae,Joni,8166
Oralee,Ax,5115
Vevay,Rhu,3940
Hope,Alejoa,3830
Deloria,Brandice,1750
Ofilia,Phaidra,4964
Celestyna,Jotham,1649
Sam,Herrera,4315
Tarra,Carolin,8489
Basia,Leler,5740
Larine,Nisbet,3078
Roberta,Shama,2272
Chere,Merna,4763
Monika,Schalles,5046
Genovera,Yusuk,1390
Anica,Noelyn,2280
Taffy,Anastatius,4643
Xylina,Ammann,4189
Myriam,Sinegold,6522
Briney,Elvyn,5984
Phedra,Dex,5446
Ariela,Bivins,7866
Ellette,Shelba,6092
Wynne,Ricki,7341
Gui,Hessler,5647
Barbara,Crudden,6793
Marcelline,Zola,6978
Shandie,O'Carroll,6757
Riannon,Shaver,4667
Dorothy,Nisbet,5631
Beverley,Connelly,4705
Keelia,Riordan,7726
Alisha,Goldina,6077
Kirstin,Brittani,7800
Celene,Lea,7560
Rebeca,Peonir,2316
Lanae,Burch,4378
Ariela,Pyle,3967
Penelopa,Brotherson,6151
Kimberley,Pip,5264
Lanae,Virgin,2686
Josephine,Cristi,5636
Laurene,Genna,7604
Meghann,Jacobah,3836
Gretal,Peonir,3610
Alex,Amand,2103
Antonietta,Swanhildas,1606
Elbertina,Cath,7282
Tabbatha,Doig,5322
Almeta,Rillings,2366
Kamilah,Millda,3584
Demetris,Sibyls,1575
Michaelina,Wenda,1509
Cyb,Cyrie,8018
Heida,Milde,1013
Robbi,Aaberg,5385
Alisha,McLaughlin,6340
Dennie,Meli,5634
Marleah,Stevy,7385
Mildrid,Carlson,8526
Brandise,Constancy,6497
Kaja,Thad,5942
Nollie,Alcott,6045
Celestyna,Standing,6126
Sallie,Celestine,4290
Augustine,Hoban,3885
Violet,Therine,6822
Aurore,Goldina,6692
Jean,Ackerley,6095
Priscilla,Lorain,8143
Margette,Montgomery,7808
Jere,Fontana,7792
Roseline,Byrne,1817
Veda,Dyche,1808
Calla,Colleen,8133
Rani,Tillford,3843
Christian,Jaylene,8028
Alyda,Ambrosia,8147
Robbi,Drus,3907
Lelah,Buttaro,4799
Marylou,Goldina,7569
Krystle,Celestine,7365
Pearline,Maryanne,8430
Myrtice,Clie,5068
Florencia,Uund,2784
Aurore,Anyah,4639
Fidelia,Suanne,3430
Arlina,Eiser,2359
Amara,Tippets,6083
Karena,Nisbet,8612
Codie,Melleta,2031
Melisent,Clywd,7945
Jolyn,Lorain,4194
Jordan,Ralfston,8183
Marjie,Hutchison,5131
Celestyna,Darbie,6655
Gerrie,Wareing,3906
Emelina,Brodench,7862
Jessy,Swanhildas,1284
Deedee,Isacco,5039
Carmela,Iiette,5633
Tiffie,Sherfield,8573
Nollie,Colyer,6554
Jacquetta,Freddi,1511
Odessa,Hieronymus,4304
Misha,Lail,2072
Gale,Behre,7719
Shauna,Matthew,2793
Almeta,Pattin,1439
Ardys,Liebermann,8033
Kittie,Havens,1898
Deloria,Cassius,1783
Katharina,Christine,2200
Orsola,Giule,4017
Antonietta,Rheingold,8471
Dione,Ludewig,7107
Myrtice,Jobi,3206
Tressa,Mitzi,5944
Dominga,Schlosser,8872
Melina,Girardo,5034
Mathilda,Rooney,3374
Raquela,Posner,7782
Clarice,Dosia,7080
Margalo,Teddman,1699
Bobbi,Faria,3296
Lita,Stover,3478
Gusty,Annice,8120
Lanae,Whittaker,3539
Ottilie,Ries,7004
Korrie,Malina,5884
Marita,Skurnik,1794
Mariann,Wu,5067
Emylee,Leifeste,3618
Bee,Craggie,6840
Gusty,Olnee,1579
Tiffie,Adlare,6236
Harmonia,Melony,5899
Paulita,Colbert,8342
Roberta,Reinke,3954
Helena,Jalbert,4562
Perry,Urania,8991
Bobbi,Gilmour,1912
Estell,Rodmann,2612
Paule,Papageno,6661
Rosanne,Berne,2970
Miquela,Oriana,7990
Madelle,Duwalt,1825
Belva,Rolf,1697
Winifred,McLaughlin,2100
Genevra,Odysseus,4131
Karly,Rudolph,1640
Danika,Ovid,6387
Tybie,Douglass,7515
Beth,Ilka,1326
Cyndie,Dannye,7311
Millie,Vharat,8368
Antonietta,Aaberg,8220
Sybille,Halla,8349
Joeann,Gavrila,1582
Chere,Rhu,6606
Sue,Vanni,4012
Raquela,Pearse,1816
Brooks,Lewes,3667
Feliza,Crudden,7410
Celene,O'Rourke,4843
Rhoda,Holbrook,3700
Isa,Konyn,5134
Sidoney,Bobbee,6175
Genovera,Vernier,6090
Lynnea,Hamil,1891
Teriann,Ashely,5019
Fernande,Konyn,3718
Esmeralda,Kravits,1291
Joelly,Zachary,8893
Binny,Buttaro,3431
Morganica,Longfellow,5675
Elvira,Emanuel,5171
Willetta,Grayce,2310
Leeanne,Dimitris,1443
Nyssa,Burnside,3216
Tierney,Jena,2254
Lisette,Bryna,8535
Gerianna,Keily,6102
Robbi,Neils,4287
Jessy,Rolf,8112
Lelah,Lilybelle,3869
Daryl,Fink,7109
Maye,Ajay,6051
Morganica,Merriott,7687
Lucille,Tengdin,6849
Vita,Moseley,1661
Lynnea,Kirbee,2909
Madeleine,Sacken,5294
Raf,An,7623
Sabina,Mich,8009
Jobi,Payson,5071
Lila,Afton,8792
Georgetta,Sasnett,8574
Demetris,Connelly,5031
Atlanta,Kirbee,6490
Ulrike,Goddard,8704
Gwenneth,Hewitt,2142
Tilly,Anestassia,8247
Noelle,Allina,5767
Kary,Amethist,8474
Henriette,Khorma,1240
Hyacinthe,Morgun,8462
Arlena,Reneta,7950
Corina,Gahl,6882
Genevra,Rustice,1410
Mireielle,Huggins,2365
Margalo,Anderea,2946
Lorie,Ciapas,7518
Queenie,Gerge,3372
Correy,Shaver,2666
Sarette,Alcott,5656
Inga,Bobbee,5867
Kimberley,Brotherson,8449
Bernie,Cressida,7322
Binny,Bakerman,7791
Penelopa,Quent,1323
Nollie,Magnolia,3516
Cristabel,Carleen,5254
Gabi,Elbertina,1162
Amelia,Vorster,3063
Marinna,Dawkins,1452
Minda,Orlene,4282
Violet,Rona,5361
Nelle,Socha,1721
Debee,Winthorpe,8630
Corina,Giff,5502
Nollie,Pulsifer,3483
Maye,Montgomery,5581
Eadie,Henebry,7295
Marleah,Docilla,2719
Diena,Jethro,5901
Joane,Raama,2360
Chrystel,Ochs,3821
Sharlene,Baylor,1623
Libbie,Gunn,4064
Dorice,Reinke,5286
Clary,Lattie,8588
Ninnetta,McGrody,8567
Gui,Loleta,7706
Florie,Jess,6648
Karolina,Reidar,7471
Verla,Hurley,3179
Mara,Mata,1825
Zaria,Baptlsta,8436
Aeriela,Hebner,3679
Katleen,Holbrook,7740
Odessa,Kauppi,7078
Adore,Niccolo,6032
Tatiania,Lory,7188
Jessamyn,Sheedy,3455
Kary,Tengdin,7503
Dominga,Seessel,3096
Lynnea,Esmaria,6770
Caryl,Krystle,6420
Sonni,Cyrie,6975
Chickie,Fitzsimmons,4568
Elfreda,Hieronymus,5800
Kaia,Raseda,4227
Josephine,Posner,6981
Florie,Dimitris,7248
Sissy,Goode,5122
Emmey,Zitvaa,5727
Adore,Mike,5111
Marleah,Korey,3123
Lita,Alabaster,7866
Millie,Norrie,8082
Lila,Palocz,5587
Olivette,Nisbet,1525
Michaelina,Eno,2235
Janeczka,Anderea,4927
Heida,Remmer,5066
Marita,Buttaro,7984
Taffy,Leifeste,6540
Eolanda,Gherardo,4922
Paule,Mullane,7895
Jillayne,Rheingold,4032
Clarice,Lipson,1823
Jere,Pearse,2184
Antonietta,Hillel,2466
Helsa,Geffner,6462
Odessa,Revkah,1229
Vita,Bakerman,4459
Josephine,Wu,5306
Gabriellia,Hebner,5859
Aaren,Angelis,8649
Kimmy,Warthman,4453
Celisse,Frodi,3726
Lucy,Percy,1820
Sibella,Adamsen,5088
Kristan,Kiyoshi,5608
Merle,Septima,7876
Gwyneth,Lynn,1636
Nickie,Callista,8481
Ninnetta,Sawtelle,4941
Myrtice,Herrera,6041
Priscilla,Waldron,3677
Karina,Soneson,1611
Sissy,Raama,8368
Heida,Alabaster,1774
Carmencita,Gower,7189
Darci,Bandeen,5030
Frieda,Seumas,8040
Tori,Corilla,3705
Mamie,Seumas,2158
Mariann,Sigfrid,4297
Regina,Dawkins,7523
Roberta,Virgin,8962
Zia,Dyche,7991
Meghann,Dreda,8545
Winny,Autrey,4618
Iseabal,Othilia,2002
Tatiania,Destinee,1556
Nariko,Agle,8491
Gerianna,Chinua,4076
Netty,Hermes,1619
Jolyn,Old,8125
Rochette,Gregrory,1888
Joceline,Newell,5630
Althea,Denis,7697
Caryl,Adamsen,6922
Katleen,Esmaria,2865
Gabi,Boycey,6043
Rosaline,Rosalba,5380
Caritta,Craggie,1230
Sibella,Daveta,3314
Ebonee,Kelula,3178
Janis,Anselmi,1392
Nessie,Persse,6940
Clary,Primalia,3671
Cecile,Gaynor,4457
Berget,Bartlett,8054
Almeta,Saint,8587
Blinni,Elbertina,6982
Clary,Chandler,8455
Louella,Iaverne,8652
Ellette,Cyrie,8214
Judy,Aurelio,2579
Ernesta,Noam,1519
Dione,Stefa,4983
Allyce,Macey,4297
Nataline,Thornburg,4488
Charmaine,Alwin,5791
Claresta,Smitt,1245
Dolli,Bahr,1918
Barbi,Terencio,8841
Beth,Tiffa,5832
Winny,Ezar,8250
Jobi,Anestassia,3289
Nita,Klemperer,3693
Carol-Jean,Gower,6949
Rebeca,Viddah,8036
Ilse,Richers,2155
Madeleine,Clie,2067
Amelia,Jarib,2776
Clo,Arathorn,5529
Quintina,Haymes,7335
Rozele,Parette,8260
Bertine,Heidt,1696
Ofilia,Fosque,1303
Aaren,Darbie,4205
Allyce,Leifeste,1213
Glenda,Morehouse,1149
Tressa,Oriana,2474
Elsie,Dalli,2617
Zaria,Frodi,3860
Verla,Hollingsworth,5577
Jessamyn,Fulmer,6075
Joelly,Toni,4076
Deirdre,Hunfredo,5807
Nyssa,Anis,1635
Sandie,Krystle,1618
Maurene,Colp,3351
Amalie,Kravits,4945
Kimberley,Faria,1120
Atlanta,Willie,5473
Beth,Waldron,6706
Amara,Ries,7892
Olivette,Ralfston,5055
Marika,Garbe,4774
Iseabal,Wenda,4363
Dolli,Desai,2993
Vivia,Dudley,2684
Dode,Schalles,8313
Lulita,Briney,3507
Dagmar,Erb,8644
Elmira,Levey,2746
Merle,Sasnett,6423
Orsola,Larochelle,2634
Elmira,Obed,2184
Nikki,Hanleigh,3727
Thalia,Zetta,8363
Tera,Burnside,3676
Sonni,Gaal,3410
Annabela,Tice,8512
Anica,Matthew,3895
Larine,Phi,3590
Dode,Dosia,6176
Jaclyn,Melan,7467
Siana,Byrne,4334
Penelopa,Meli,3494
Desirae,Kylander,4504
Althea,Cookie,8011
Rani,Devlen,4635
Rosabelle,Sancho,7541
Joane,Read,7898
Clementine,Jess,3831
Philis,Yorick,5742
Fanny,Ackerley,8835
Trudie,Aldric,4794
Elmira,Yerkovich,5577
Cristabel,Bouchard,1549
Sheelagh,Mike,7095
Mignon,Trinetta,3609
Ardenia,Flita,2617
Therine,Thilda,7289
Ricky,Chobot,1505
Elfreda,Ummersen,2764
Morganica,Timon,6363
Feliza,Presber,7970
Babita,Hoenack,8216
Wilma,Brunell,7490
Drucie,Francene,4695
Jsandye,Greyson,7913
Tani,Kunin,3384
Antonietta,Toor,2090
Brietta,Raimondo,6665
Damaris,Percy,3955
Tera,Brotherson,6347
Starla,Brotherson,5479
Hildegaard,Saunderson,2934
Kristan,Telfer,6034